<step title="BackgroundTrace" date="2026-02-20T12:37:36.825" instance="33c719" url="/api/publish" method="POST" >
  <step title="Cleanup Xml Logs" date="2026-02-20T12:37:36.829" /><!-- duration: 5ms -->
  <step title="Creating temporary deployment - FetchDeploymentManager" date="2026-02-20T12:37:36.917" /><!-- duration: 3ms -->
  <step title="Creating temporary deployment" date="2026-02-20T12:37:36.923" /><!-- duration: 48ms -->
  <step title="Performing fetch based deployment" date="2026-02-20T12:37:37.011" >
    <step title="Cleaning up temp folders from previous zip deployments and extracting pushed zip file /tmp/zipdeploy/14b28b2b-af28-42c7-bf40-1a01910eb59b.zip (19.73 MB) to /tmp/zipdeploy/extracted" date="2026-02-20T12:37:38.147" >
      <step title="ChmodRecursive Process exited with total time taken in ms: 120" date="2026-02-20T12:37:39.561" /><!-- duration: 22ms -->
    </step><!-- duration: 1448ms -->
    <step title="Deployment timer started" date="2026-02-20T12:37:41.641" >
      <step title="DeploymentManager.Deploy(id:6dc39a04-ed9b-47b2-b7ed-a0e4c7bf736b)" date="2026-02-20T12:37:41.670" >
        <step title="Collecting changeset information" date="2026-02-20T12:37:41.753" /><!-- duration: 189ms -->
        <step title="Updating submodules" date="2026-02-20T12:37:41.983" /><!-- duration: 1223ms -->
        <step title="Determining deployment builder" date="2026-02-20T12:37:43.451" >
          <step title="Builder is OneDeployBuilder" date="2026-02-20T12:37:43.474" /><!-- duration: 3ms -->
        </step><!-- duration: 39ms -->
        <step title="PreDeployment: context.CleanOutputPath False" date="2026-02-20T12:37:43.574" >
          <step title="PreDeployment: context.OutputPath /home/site/wwwroot" date="2026-02-20T12:37:43.733" >
            <step title="Building" date="2026-02-20T12:37:43.935" >
              <step title="Executing external process" date="2026-02-20T12:37:44.333" type="process" path="starter.sh" arguments="/opt/Kudu/Scripts/parallel_rsync.sh /tmp/zipdeploy/extracted /home/site/wwwroot 8 /tmp/ False False  " >
                <step title="Process dump" date="2026-02-20T12:37:54.567" exitCode="123" type="processOutput" /><!-- duration: 29ms -->
              </step><!-- duration: 10282ms -->
              <step title="Error occurred" date="2026-02-20T12:37:54.653" type="error" text="rsync: [generator] recv_generator: failed to stat &quot;/home/site/wwwroot/runtimes\linux-musl-s390x\native\libe_sqlite3.so&quot;: Invalid argument (22)
rsync: [generator] recv_generator: failed to stat &quot;/home/site/wwwroot/runtimes\linux-x86\native\libe_sqlite3.so&quot;: Invalid argument (22)
rsync: [generator] recv_generator: failed to stat &quot;/home/site/wwwroot/runtimes\osx-arm64\native\libe_sqlite3.dylib&quot;: Invalid argument (22)
rsync: [generator] recv_generator: failed to stat &quot;/home/site/wwwroot/runtimes\win\lib\netstandard2.0\System.Security.Cryptography.ProtectedData.dll&quot;: Invalid argument (22)
rsync: [generator] recv_generator: failed to stat &quot;/home/site/wwwroot/runtimes\maccatalyst-arm64\native\libe_sqlite3.dylib&quot;: Invalid argument (22)
rsync: [generator] recv_generator: failed to stat &quot;/home/site/wwwroot/runtimes\osx-x64\native\libe_sqlite3.dylib&quot;: Invalid argument (22)
rsync: [generator] recv_generator: failed to stat &quot;/home/site/wwwroot/runtimes\win-x86\native\e_sqlite3.dll&quot;: Invalid argument (22)
rsync error: some files/attrs were not transferred (see previous errors) (code 23) at main.c(1338) [sender=3.2.7]
rsync: [generator] recv_generator: failed to stat &quot;/home/site/wwwroot/runtimes\linux-arm64\native\libe_sqlite3.so&quot;: Invalid argument (22)
rsync: [generator] recv_generator: failed to stat &quot;/home/site/wwwroot/runtimes\linux-musl-riscv64\native\libe_sqlite3.so&quot;: Invalid argument (22)
rsync: [generator] recv_generator: failed to stat &quot;/home/site/wwwroot/runtimes\linux-ppc64le\native\libe_sqlite3.so&quot;: Invalid argument (22)
rsync: [generator] recv_generator: failed to stat &quot;/home/site/wwwroot/runtimes\win-arm64\native\e_sqlite3.dll&quot;: Invalid argument (22)
rsync: [generator] recv_generator: failed to stat &quot;/home/site/wwwroot/runtimes\linux-musl-x64\native\libe_sqlite3.so&quot;: Invalid argument (22)
rsync: [generator] recv_generator: failed to stat &quot;/home/site/wwwroot/runtimes\linux-musl-arm64\native\libe_sqlite3.so&quot;: Invalid argument (22)
rsync: [generator] recv_generator: failed to stat &quot;/home/site/wwwroot/runtimes\win-x64\native\e_sqlite3.dll&quot;: Invalid argument (22)
rsync: [generator] recv_generator: failed to stat &quot;/home/site/wwwroot/runtimes\browser-wasm\nativeassets\net9.0\e_sqlite3.a&quot;: Invalid argument (22)
rsync: [generator] recv_generator: failed to stat &quot;/home/site/wwwroot/runtimes\linux-s390x\native\libe_sqlite3.so&quot;: Invalid argument (22)
rsync: [generator] recv_generator: failed to stat &quot;/home/site/wwwroot/runtimes\maccatalyst-x64\native\libe_sqlite3.dylib&quot;: Invalid argument (22)
rsync error: some files/attrs were not transferred (see previous errors) (code 23) at main.c(1338) [sender=3.2.7]
rsync: [generator] recv_generator: failed to stat &quot;/home/site/wwwroot/runtimes\linux-armel\native\libe_sqlite3.so&quot;: Invalid argument (22)
rsync: [generator] recv_generator: failed to stat &quot;/home/site/wwwroot/runtimes\linux-riscv64\native\libe_sqlite3.so&quot;: Invalid argument (22)
rsync: [generator] recv_generator: failed to stat &quot;/home/site/wwwroot/runtimes\linux-x64\native\libe_sqlite3.so&quot;: Invalid argument (22)
rsync: [generator] recv_generator: failed to stat &quot;/home/site/wwwroot/runtimes\win-arm\native\e_sqlite3.dll&quot;: Invalid argument (22)
rsync: [generator] recv_generator: failed to stat &quot;/home/site/wwwroot/runtimes\linux-arm\native\libe_sqlite3.so&quot;: Invalid argument (22)
rsync: [generator] recv_generator: failed to stat &quot;/home/site/wwwroot/runtimes\linux-mips64\native\libe_sqlite3.so&quot;: Invalid argument (22)
rsync: [generator] recv_generator: failed to stat &quot;/home/site/wwwroot/runtimes\linux-musl-arm\native\libe_sqlite3.so&quot;: Invalid argument (22)
rsync error: some files/attrs were not transferred (see previous errors) (code 23) at main.c(1338) [sender=3.2.7]
rsync error: some files/attrs were not transferred (see previous errors) (code 23) at main.c(1338) [sender=3.2.7]
rsync error: some files/attrs were not transferred (see previous errors) (code 23) at main.c(1338) [sender=3.2.7]
rsync error: some files/attrs were not transferred (see previous errors) (code 23) at main.c(1338) [sender=3.2.7]
rsync error: some files/attrs were not transferred (see previous errors) (code 23) at main.c(1338) [sender=3.2.7]
rsync: [generator] recv_generator: failed to stat &quot;/home/site/wwwroot/runtimes\linux-arm\native\libe_sqlite3.so&quot;: Invalid argument (22)
rsync: [generator] recv_generator: failed to stat &quot;/home/site/wwwroot/runtimes\linux-mips64\native\libe_sqlite3.so&quot;: Invalid argument (22)
rsync: [generator] recv_generator: failed to stat &quot;/home/site/wwwroot/runtimes\linux-musl-arm\native\libe_sqlite3.so&quot;: Invalid argument (22)
rsync error: some files/attrs were not transferred (see previous errors) (code 23) at main.c(1338) [sender=3.2.7]
rsync error: some files/attrs were not transferred (see previous errors) (code 23) at main.c(1338) [sender=3.2.7]
rsync: [generator] recv_generator: failed to stat &quot;/home/site/wwwroot/runtimes\linux-arm64\native\libe_sqlite3.so&quot;: Invalid argument (22)
rsync: [generator] recv_generator: failed to stat &quot;/home/site/wwwroot/runtimes\linux-musl-riscv64\native\libe_sqlite3.so&quot;: Invalid argument (22)
rsync: [generator] recv_generator: failed to stat &quot;/home/site/wwwroot/runtimes\linux-ppc64le\native\libe_sqlite3.so&quot;: Invalid argument (22)
rsync: [generator] recv_generator: failed to stat &quot;/home/site/wwwroot/runtimes\win-arm64\native\e_sqlite3.dll&quot;: Invalid argument (22)
rsync: [generator] recv_generator: failed to stat &quot;/home/site/wwwroot/runtimes\browser-wasm\nativeassets\net9.0\e_sqlite3.a&quot;: Invalid argument (22)
rsync: [generator] recv_generator: failed to stat &quot;/home/site/wwwroot/runtimes\linux-s390x\native\libe_sqlite3.so&quot;: Invalid argument (22)
rsync: [generator] recv_generator: failed to stat &quot;/home/site/wwwroot/runtimes\maccatalyst-x64\native\libe_sqlite3.dylib&quot;: Invalid argument (22)
rsync: [generator] recv_generator: failed to stat &quot;/home/site/wwwroot/runtimes\linux-musl-s390x\native\libe_sqlite3.so&quot;: Invalid argument (22)
rsync: [generator] recv_generator: failed to stat &quot;/home/site/wwwroot/runtimes\linux-x86\native\libe_sqlite3.so&quot;: Invalid argument (22)
rsync: [generator] recv_generator: failed to stat &quot;/home/site/wwwroot/runtimes\osx-arm64\native\libe_sqlite3.dylib&quot;: Invalid argument (22)
rsync: [generator] recv_generator: failed to stat &quot;/home/site/wwwroot/runtimes\win\lib\netstandard2.0\System.Security.Cryptography.ProtectedData.dll&quot;: Invalid argument (22)
rsync: [generator] recv_generator: failed to stat &quot;/home/site/wwwroot/runtimes\linux-armel\native\libe_sqlite3.so&quot;: Invalid argument (22)
rsync: [generator] recv_generator: failed to stat &quot;/home/site/wwwroot/runtimes\linux-riscv64\native\libe_sqlite3.so&quot;: Invalid argument (22)
rsync: [generator] recv_generator: failed to stat &quot;/home/site/wwwroot/runtimes\linux-x64\native\libe_sqlite3.so&quot;: Invalid argument (22)
rsync: [generator] recv_generator: failed to stat &quot;/home/site/wwwroot/runtimes\win-arm\native\e_sqlite3.dll&quot;: Invalid argument (22)
rsync: [generator] recv_generator: failed to stat &quot;/home/site/wwwroot/runtimes\maccatalyst-arm64\native\libe_sqlite3.dylib&quot;: Invalid argument (22)
rsync: [generator] recv_generator: failed to stat &quot;/home/site/wwwroot/runtimes\osx-x64\native\libe_sqlite3.dylib&quot;: Invalid argument (22)
rsync: [generator] recv_generator: failed to stat &quot;/home/site/wwwroot/runtimes\win-x86\native\e_sqlite3.dll&quot;: Invalid argument (22)
rsync: [generator] recv_generator: failed to stat &quot;/home/site/wwwroot/runtimes\linux-musl-x64\native\libe_sqlite3.so&quot;: Invalid argument (22)
rsync: [generator] recv_generator: failed to stat &quot;/home/site/wwwroot/runtimes\linux-musl-arm64\native\libe_sqlite3.so&quot;: Invalid argument (22)
rsync: [generator] recv_generator: failed to stat &quot;/home/site/wwwroot/runtimes\win-x64\native\e_sqlite3.dll&quot;: Invalid argument (22)
rsync error: some files/attrs were not transferred (see previous errors) (code 23) at main.c(1338) [sender=3.2.7]
rsync error: some files/attrs were not transferred (see previous errors) (code 23) at main.c(1338) [sender=3.2.7]
rsync error: some files/attrs were not transferred (see previous errors) (code 23) at main.c(1338) [sender=3.2.7]
rsync error: some files/attrs were not transferred (see previous errors) (code 23) at main.c(1338) [sender=3.2.7]
rsync error: some files/attrs were not transferred (see previous errors) (code 23) at main.c(1338) [sender=3.2.7]
rsync error: some files/attrs were not transferred (see previous errors) (code 23) at main.c(1338) [sender=3.2.7]
rsync error: some files/attrs were not transferred (see previous errors) (code 23) at main.c(1338) [sender=3.2.7]
/opt/Kudu/Scripts/starter.sh /opt/Kudu/Scripts/parallel_rsync.sh /tmp/zipdeploy/extracted /home/site/wwwroot 8 /tmp/ False False  " stackTrace="   at Kudu.Core.Infrastructure.Executable.ExecuteInternal(ITracer tracer, Func`2 onWriteOutput, Func`2 onWriteError, CancellationToken token, Encoding encoding, String arguments, Object[] args) in /tmp/KuduLite/Kudu.Core/Infrastructure/Executable.cs:line 239
   at Kudu.Core.Infrastructure.Executable.ExecuteWithProgressWriter(ILogger logger, ITracer tracer, CancellationToken token, String arguments, Object[] args) in /tmp/KuduLite/Kudu.Core/Infrastructure/Executable.cs:line 118
   at Kudu.Core.Deployment.Generator.ExternalCommandBuilder.RunCommand(DeploymentContext context, String command, Boolean ignoreManifest, CancellationToken token, String message) in /tmp/KuduLite/Kudu.Core/Deployment/Generator/ExternalCommandBuilder.cs:line 135" /><!-- duration: 4ms -->
              <step title="Error occurred" date="2026-02-20T12:37:54.909" type="error" text="Invalid argument : &apos;/home/site/wwwroot/runtimes\linux-musl-s390x\&apos;" stackTrace="   at System.IO.FileSystem.CreateDirectory(String fullPath, UnixFileMode unixCreateMode)
   at System.IO.Directory.CreateDirectory(String path)
   at System.IO.Abstractions.DirectoryWrapper.CreateDirectory(String path)
   at Kudu.Core.Infrastructure.FileSystemHelpers.CreateDirectory(String path) in /tmp/KuduLite/Kudu.Core/Infrastructure/FileSystemHelpers.cs:line 42
   at Kudu.Core.Infrastructure.FileSystemHelpers.CopyDirectoryRecursive(String sourceDirPath, String destinationDirPath, Boolean overwrite) in /tmp/KuduLite/Kudu.Core/Infrastructure/FileSystemHelpers.cs:line 219
   at Kudu.Core.Infrastructure.FileSystemHelpers.CopyDirectoryRecursive(String sourceDirPath, String destinationDirPath, Boolean overwrite) in /tmp/KuduLite/Kudu.Core/Infrastructure/FileSystemHelpers.cs:line 248
   at Kudu.Core.Deployment.Generator.OneDeployBuilder.Build(DeploymentContext context, CancellationToken token) in /tmp/KuduLite/Kudu.Core/Deployment/Generator/OneDeployBuilder.cs:line 108
   at Kudu.Core.Deployment.DeploymentManager.Build(ChangeSet changeSet, ITracer tracer, IDisposable deployStep, IRepository repository, DeploymentInfoBase deploymentInfo, DeploymentAnalytics deploymentAnalytics, Boolean fullBuildByDefault, CancellationToken cancellationToken) in /tmp/KuduLite/Kudu.Core/Deployment/DeploymentManager.cs:line 771" /><!-- duration: 4ms -->
              <step title="Purge deployment items" date="2026-02-20T12:37:55.187" >
                <step title="Remove a8b28d71-, Failed, received at 02/20/2026 12:34:19" date="2026-02-20T12:37:55.233" /><!-- duration: 3ms -->
              </step><!-- duration: 52ms -->
            </step><!-- duration: 11310ms -->
          </step><!-- duration: 11517ms -->
          <step title="Error occurred" date="2026-02-20T12:37:55.254" type="error" text="Invalid argument : &apos;/home/site/wwwroot/runtimes\linux-musl-s390x\&apos;" stackTrace="   at System.IO.FileSystem.CreateDirectory(String fullPath, UnixFileMode unixCreateMode)
   at System.IO.Directory.CreateDirectory(String path)
   at System.IO.Abstractions.DirectoryWrapper.CreateDirectory(String path)
   at Kudu.Core.Infrastructure.FileSystemHelpers.CreateDirectory(String path) in /tmp/KuduLite/Kudu.Core/Infrastructure/FileSystemHelpers.cs:line 42
   at Kudu.Core.Infrastructure.FileSystemHelpers.CopyDirectoryRecursive(String sourceDirPath, String destinationDirPath, Boolean overwrite) in /tmp/KuduLite/Kudu.Core/Infrastructure/FileSystemHelpers.cs:line 219
   at Kudu.Core.Infrastructure.FileSystemHelpers.CopyDirectoryRecursive(String sourceDirPath, String destinationDirPath, Boolean overwrite) in /tmp/KuduLite/Kudu.Core/Infrastructure/FileSystemHelpers.cs:line 248
   at Kudu.Core.Deployment.Generator.OneDeployBuilder.Build(DeploymentContext context, CancellationToken token) in /tmp/KuduLite/Kudu.Core/Deployment/Generator/OneDeployBuilder.cs:line 108
   at Kudu.Core.Deployment.DeploymentManager.Build(ChangeSet changeSet, ITracer tracer, IDisposable deployStep, IRepository repository, DeploymentInfoBase deploymentInfo, DeploymentAnalytics deploymentAnalytics, Boolean fullBuildByDefault, CancellationToken cancellationToken) in /tmp/KuduLite/Kudu.Core/Deployment/DeploymentManager.cs:line 771
   at Kudu.Core.Deployment.DeploymentManager.Build(ChangeSet changeSet, ITracer tracer, IDisposable deployStep, IRepository repository, DeploymentInfoBase deploymentInfo, DeploymentAnalytics deploymentAnalytics, Boolean fullBuildByDefault, CancellationToken cancellationToken) in /tmp/KuduLite/Kudu.Core/Deployment/DeploymentManager.cs:line 840" /><!-- duration: 3ms -->
          <step title="Cleaning up temp files" date="2026-02-20T12:37:55.337" /><!-- duration: 13ms -->
          <step title="Cleaning up temp files" date="2026-02-20T12:37:55.358" /><!-- duration: 519ms -->
          <step title="Error occurred" date="2026-02-20T12:37:55.898" type="error" text="Invalid argument : &apos;/home/site/wwwroot/runtimes\linux-musl-s390x\&apos;" stackTrace="   at System.IO.FileSystem.CreateDirectory(String fullPath, UnixFileMode unixCreateMode)
   at System.IO.Directory.CreateDirectory(String path)
   at System.IO.Abstractions.DirectoryWrapper.CreateDirectory(String path)
   at Kudu.Core.Infrastructure.FileSystemHelpers.CreateDirectory(String path) in /tmp/KuduLite/Kudu.Core/Infrastructure/FileSystemHelpers.cs:line 42
   at Kudu.Core.Infrastructure.FileSystemHelpers.CopyDirectoryRecursive(String sourceDirPath, String destinationDirPath, Boolean overwrite) in /tmp/KuduLite/Kudu.Core/Infrastructure/FileSystemHelpers.cs:line 219
   at Kudu.Core.Infrastructure.FileSystemHelpers.CopyDirectoryRecursive(String sourceDirPath, String destinationDirPath, Boolean overwrite) in /tmp/KuduLite/Kudu.Core/Infrastructure/FileSystemHelpers.cs:line 248
   at Kudu.Core.Deployment.Generator.OneDeployBuilder.Build(DeploymentContext context, CancellationToken token) in /tmp/KuduLite/Kudu.Core/Deployment/Generator/OneDeployBuilder.cs:line 108
   at Kudu.Core.Deployment.DeploymentManager.Build(ChangeSet changeSet, ITracer tracer, IDisposable deployStep, IRepository repository, DeploymentInfoBase deploymentInfo, DeploymentAnalytics deploymentAnalytics, Boolean fullBuildByDefault, CancellationToken cancellationToken) in /tmp/KuduLite/Kudu.Core/Deployment/DeploymentManager.cs:line 771
   at Kudu.Core.Deployment.DeploymentManager.Build(ChangeSet changeSet, ITracer tracer, IDisposable deployStep, IRepository repository, DeploymentInfoBase deploymentInfo, DeploymentAnalytics deploymentAnalytics, Boolean fullBuildByDefault, CancellationToken cancellationToken) in /tmp/KuduLite/Kudu.Core/Deployment/DeploymentManager.cs:line 840
   at Kudu.Core.Deployment.DeploymentManager.DeployAsync(IRepository repository, ChangeSet changeSet, String deployer, Boolean clean, DeploymentInfoBase deploymentInfo, Boolean needFileUpdate, Boolean fullBuildByDefault) in /tmp/KuduLite/Kudu.Core/Deployment/DeploymentManager.cs:line 266" /><!-- duration: 3ms -->
        </step><!-- duration: 12332ms -->
        <step title="Reloading status file with latest updates" date="2026-02-20T12:37:55.961" >
          <step title="WebHooksManager.PublishEventAsync: PostDeployment" date="2026-02-20T12:37:55.969" /><!-- duration: 24ms -->
        </step><!-- duration: 34ms -->
        <step title="Error occurred" date="2026-02-20T12:37:55.999" type="error" text="Invalid argument : &apos;/home/site/wwwroot/runtimes\linux-musl-s390x\&apos;" stackTrace="   at System.IO.FileSystem.CreateDirectory(String fullPath, UnixFileMode unixCreateMode)
   at System.IO.Directory.CreateDirectory(String path)
   at System.IO.Abstractions.DirectoryWrapper.CreateDirectory(String path)
   at Kudu.Core.Infrastructure.FileSystemHelpers.CreateDirectory(String path) in /tmp/KuduLite/Kudu.Core/Infrastructure/FileSystemHelpers.cs:line 42
   at Kudu.Core.Infrastructure.FileSystemHelpers.CopyDirectoryRecursive(String sourceDirPath, String destinationDirPath, Boolean overwrite) in /tmp/KuduLite/Kudu.Core/Infrastructure/FileSystemHelpers.cs:line 219
   at Kudu.Core.Infrastructure.FileSystemHelpers.CopyDirectoryRecursive(String sourceDirPath, String destinationDirPath, Boolean overwrite) in /tmp/KuduLite/Kudu.Core/Infrastructure/FileSystemHelpers.cs:line 248
   at Kudu.Core.Deployment.Generator.OneDeployBuilder.Build(DeploymentContext context, CancellationToken token) in /tmp/KuduLite/Kudu.Core/Deployment/Generator/OneDeployBuilder.cs:line 108
   at Kudu.Core.Deployment.DeploymentManager.Build(ChangeSet changeSet, ITracer tracer, IDisposable deployStep, IRepository repository, DeploymentInfoBase deploymentInfo, DeploymentAnalytics deploymentAnalytics, Boolean fullBuildByDefault, CancellationToken cancellationToken) in /tmp/KuduLite/Kudu.Core/Deployment/DeploymentManager.cs:line 771
   at Kudu.Core.Deployment.DeploymentManager.Build(ChangeSet changeSet, ITracer tracer, IDisposable deployStep, IRepository repository, DeploymentInfoBase deploymentInfo, DeploymentAnalytics deploymentAnalytics, Boolean fullBuildByDefault, CancellationToken cancellationToken) in /tmp/KuduLite/Kudu.Core/Deployment/DeploymentManager.cs:line 840
   at Kudu.Core.Deployment.DeploymentManager.DeployAsync(IRepository repository, ChangeSet changeSet, String deployer, Boolean clean, DeploymentInfoBase deploymentInfo, Boolean needFileUpdate, Boolean fullBuildByDefault) in /tmp/KuduLite/Kudu.Core/Deployment/DeploymentManager.cs:line 266" /><!-- duration: 3ms -->
        <step title="Marking deployment as failed and cleaning up the temp deployment" date="2026-02-20T12:37:56.061" /><!-- duration: 3ms -->
      </step><!-- duration: 14522ms -->
      <step title="Error occurred" date="2026-02-20T12:37:56.207" type="error" text="One or more errors occurred. (Deployment failed)" stackTrace="   at System.Threading.Tasks.Task.Wait(Int32 millisecondsTimeout, CancellationToken cancellationToken)
   at System.Threading.Tasks.Task.Wait()
   at Kudu.Core.Deployment.FetchDeploymentManager.&lt;&gt;c__DisplayClass22_1.&lt;PerformBackgroundDeployment&gt;b__3() in /tmp/KuduLite/Kudu.Core/Deployment/FetchDeploymentManager.cs:line 414
   at Kudu.Contracts.Infrastructure.LockExtensions.TryLockOperation(IOperationLock lockObj, Action operation, String operationName, TimeSpan timeout) in /tmp/KuduLite/Kudu.Contracts/Infrastructure/LockExtensions.cs:line 34
   at Kudu.Contracts.Infrastructure.LockExtensions.LockOperation(IOperationLock lockObj, Action operation, String operationName, TimeSpan timeout) in /tmp/KuduLite/Kudu.Contracts/Infrastructure/LockExtensions.cs:line 46
   at Kudu.Core.Deployment.FetchDeploymentManager.&lt;&gt;c__DisplayClass22_0.&lt;PerformBackgroundDeployment&gt;b__1() in /tmp/KuduLite/Kudu.Core/Deployment/FetchDeploymentManager.cs:line 393" innerText="Deployment failed" innerStackTrace="   at Kudu.Core.Deployment.DeploymentManager.DeployAsync(IRepository repository, ChangeSet changeSet, String deployer, Boolean clean, DeploymentInfoBase deploymentInfo, Boolean needFileUpdate, Boolean fullBuildByDefault) in /tmp/KuduLite/Kudu.Core/Deployment/DeploymentManager.cs:line 307
   at Kudu.Core.Deployment.FetchDeploymentManager.PerformDeployment(DeploymentInfoBase deploymentInfo, IDisposable tempDeployment, ChangeSet tempChangeSet, DeployStatusApiResult updateStatusObj) in /tmp/KuduLite/Kudu.Core/Deployment/FetchDeploymentManager.cs:line 230" /><!-- duration: 7ms -->
    </step><!-- duration: 14576ms -->
