<step title="Incoming Request" date="2026-02-20T12:34:09.359" instance="33c719" url="/api/publish?type=zip" method="POST" type="request" pid="853,1,7" Accept="*/*" Host="aidev-api.scm.azurewebsites.net" User-Agent="AZURECLI/2.83.0 (MSI)" Accept-Encoding="gzip, deflate" Authorization="Bea..." Cache-Control="no-cache" Content-Type="application/octet-stream" Content-Length="20684225" x-ms-client-request-id="598bef95-0e58-11f1-a926-9c2f9d919ff8" x-ms-artifact-checksum="e1c6dcf6043b28fb9d18d337f3cf3a3d2c4dd76b51982e32fd020af0bc372fd6" X-ARR-LOG-ID="598bef95-0e58-11f1-a926-9c2f9d919ff8" CLIENT-IP="102.130.236.125:58378" X-SITE-DEPLOYMENT-ID="aidev-api" WAS-DEFAULT-HOSTNAME="aidev-api.scm.azurewebsites.net" X-Forwarded-Proto="https" X-AppService-Proto="https" X-Forwarded-TlsVersion="1.3" X-WAWS-Unencoded-URL="/api/publish?type=zip" X-Client-IP="102.130.236.125" X-Client-Port="58378" >
  <step title="OneDeploy" date="2026-02-20T12:34:11.401" >
    <step title="None repository commit" date="2026-02-20T12:34:11.460" >
      <step title="Commit id: a8b28d71-1f51-4841-90e5-08bb16cf05c3" date="2026-02-20T12:34:11.470" Message="N/A" AuthorName="N/A" AuthorEmail="N/A" /><!-- duration: 3ms -->
    </step><!-- duration: 16ms -->
    <step title="Starting PushDeployAsync" date="2026-02-20T12:34:11.480" /><!-- duration: 16ms -->
    <step title="Writing artifact to /tmp/zipdeploy/84003519-0fcd-422e-b214-c66efe185004.zip" date="2026-02-20T12:34:11.543" >
      <step title="Writing multipart request body to /tmp/zipdeploy/84003519-0fcd-422e-b214-c66efe185004.zip" date="2026-02-20T12:34:11.547" /><!-- duration: 3ms -->
    </step><!-- duration: 1676ms -->
    <step title="Attempting to fetch target branch HEAD" date="2026-02-20T12:34:13.234" /><!-- duration: 6ms -->
    <step title="Acquiring Deployment Lock" date="2026-02-20T12:34:13.247" /><!-- duration: 3ms -->
    <step title="Acquired Deployment Lock" date="2026-02-20T12:34:13.682" /><!-- duration: 19ms -->
    <step title="Performing fetch based deployment" date="2026-02-20T12:34:13.733" >
      <step title="Creating temporary deployment" date="2026-02-20T12:34:13.761" /><!-- duration: 191ms -->
      <step title="Releasing Deployment Lock" date="2026-02-20T12:34:15.317" /><!-- duration: 20ms -->
      <step title="Cleaning up temp folders from previous zip deployments and extracting pushed zip file /tmp/zipdeploy/84003519-0fcd-422e-b214-c66efe185004.zip (19.73 MB) to /tmp/zipdeploy/extracted" date="2026-02-20T12:34:15.399" >
        <step title="ChmodRecursive Process exited with total time taken in ms: 100" date="2026-02-20T12:34:17.701" /><!-- duration: 13ms -->
      </step><!-- duration: 2319ms -->
      <step title="None repository commit" date="2026-02-20T12:34:17.721" >
        <step title="Commit id: a8b28d71-1f51-4841-90e5-08bb16cf05c3" date="2026-02-20T12:34:17.724" Message="OneDeploy" AuthorName="N/A" AuthorEmail="N/A" /><!-- duration: 3ms -->
      </step><!-- duration: 10ms -->
      <step title="Deployment timer started" date="2026-02-20T12:34:19.760" >
        <step title="DeploymentManager.Deploy(id:a8b28d71-1f51-4841-90e5-08bb16cf05c3)" date="2026-02-20T12:34:19.780" >
          <step title="Collecting changeset information" date="2026-02-20T12:34:19.861" /><!-- duration: 123ms -->
          <step title="Updating submodules" date="2026-02-20T12:34:19.989" /><!-- duration: 1132ms -->
          <step title="Determining deployment builder" date="2026-02-20T12:34:21.297" >
            <step title="Builder is OneDeployBuilder" date="2026-02-20T12:34:21.306" /><!-- duration: 3ms -->
          </step><!-- duration: 15ms -->
          <step title="PreDeployment: context.CleanOutputPath False" date="2026-02-20T12:34:21.355" >
            <step title="PreDeployment: context.OutputPath /home/site/wwwroot" date="2026-02-20T12:34:21.551" >
              <step title="Building" date="2026-02-20T12:34:21.669" >
                <step title="Executing external process" date="2026-02-20T12:34:22.116" type="process" path="starter.sh" arguments="/opt/Kudu/Scripts/parallel_rsync.sh /tmp/zipdeploy/extracted /home/site/wwwroot 8 /tmp/ False False  " >
                  <step title="Process dump" date="2026-02-20T12:34:28.466" exitCode="123" type="processOutput" /><!-- duration: 4ms -->
                </step><!-- duration: 6356ms -->
                <step title="Error occurred" date="2026-02-20T12:34:28.523" type="error" text="rsync: [generator] recv_generator: failed to stat &quot;/home/site/wwwroot/runtimes\linux-arm64\native\libe_sqlite3.so&quot;: Invalid argument (22)
rsync: [generator] recv_generator: failed to stat &quot;/home/site/wwwroot/runtimes\linux-musl-riscv64\native\libe_sqlite3.so&quot;: Invalid argument (22)
rsync: [generator] recv_generator: failed to stat &quot;/home/site/wwwroot/runtimes\linux-ppc64le\native\libe_sqlite3.so&quot;: Invalid argument (22)
rsync: [generator] recv_generator: failed to stat &quot;/home/site/wwwroot/runtimes\win-arm64\native\e_sqlite3.dll&quot;: Invalid argument (22)
rsync: [generator] recv_generator: failed to stat &quot;/home/site/wwwroot/runtimes\linux-musl-s390x\native\libe_sqlite3.so&quot;: Invalid argument (22)
rsync: [generator] recv_generator: failed to stat &quot;/home/site/wwwroot/runtimes\linux-x86\native\libe_sqlite3.so&quot;: Invalid argument (22)
rsync: [generator] recv_generator: failed to stat &quot;/home/site/wwwroot/runtimes\osx-arm64\native\libe_sqlite3.dylib&quot;: Invalid argument (22)
rsync: [generator] recv_generator: failed to stat &quot;/home/site/wwwroot/runtimes\win\lib\netstandard2.0\System.Security.Cryptography.ProtectedData.dll&quot;: Invalid argument (22)
rsync: [generator] recv_generator: failed to stat &quot;/home/site/wwwroot/runtimes\browser-wasm\nativeassets\net9.0\e_sqlite3.a&quot;: Invalid argument (22)
rsync: [generator] recv_generator: failed to stat &quot;/home/site/wwwroot/runtimes\linux-s390x\native\libe_sqlite3.so&quot;: Invalid argument (22)
rsync: [generator] recv_generator: failed to stat &quot;/home/site/wwwroot/runtimes\maccatalyst-x64\native\libe_sqlite3.dylib&quot;: Invalid argument (22)
rsync: [generator] recv_generator: failed to stat &quot;/home/site/wwwroot/runtimes\linux-arm\native\libe_sqlite3.so&quot;: Invalid argument (22)
rsync: [generator] recv_generator: failed to stat &quot;/home/site/wwwroot/runtimes\linux-mips64\native\libe_sqlite3.so&quot;: Invalid argument (22)
rsync: [generator] recv_generator: failed to stat &quot;/home/site/wwwroot/runtimes\linux-musl-arm\native\libe_sqlite3.so&quot;: Invalid argument (22)
rsync: [generator] recv_generator: failed to stat &quot;/home/site/wwwroot/runtimes\maccatalyst-arm64\native\libe_sqlite3.dylib&quot;: Invalid argument (22)
rsync: [generator] recv_generator: failed to stat &quot;/home/site/wwwroot/runtimes\osx-x64\native\libe_sqlite3.dylib&quot;: Invalid argument (22)
rsync: [generator] recv_generator: failed to stat &quot;/home/site/wwwroot/runtimes\win-x86\native\e_sqlite3.dll&quot;: Invalid argument (22)
rsync: [generator] recv_generator: failed to stat &quot;/home/site/wwwroot/runtimes\linux-musl-arm64\native\libe_sqlite3.so&quot;: Invalid argument (22)
rsync: [generator] recv_generator: failed to stat &quot;/home/site/wwwroot/runtimes\win-x64\native\e_sqlite3.dll&quot;: Invalid argument (22)
rsync: [generator] recv_generator: failed to stat &quot;/home/site/wwwroot/runtimes\linux-musl-x64\native\libe_sqlite3.so&quot;: Invalid argument (22)
rsync: [generator] recv_generator: failed to stat &quot;/home/site/wwwroot/runtimes\linux-armel\native\libe_sqlite3.so&quot;: Invalid argument (22)
rsync: [generator] recv_generator: failed to stat &quot;/home/site/wwwroot/runtimes\linux-riscv64\native\libe_sqlite3.so&quot;: Invalid argument (22)
rsync: [generator] recv_generator: failed to stat &quot;/home/site/wwwroot/runtimes\linux-x64\native\libe_sqlite3.so&quot;: Invalid argument (22)
rsync: [generator] recv_generator: failed to stat &quot;/home/site/wwwroot/runtimes\win-arm\native\e_sqlite3.dll&quot;: Invalid argument (22)
rsync error: some files/attrs were not transferred (see previous errors) (code 23) at main.c(1338) [sender=3.2.7]
rsync: [generator] recv_generator: failed to stat &quot;/home/site/wwwroot/runtimes\browser-wasm\nativeassets\net9.0\e_sqlite3.a&quot;: Invalid argument (22)
rsync: [generator] recv_generator: failed to stat &quot;/home/site/wwwroot/runtimes\linux-s390x\native\libe_sqlite3.so&quot;: Invalid argument (22)
rsync: [generator] recv_generator: failed to stat &quot;/home/site/wwwroot/runtimes\maccatalyst-x64\native\libe_sqlite3.dylib&quot;: Invalid argument (22)
rsync error: some files/attrs were not transferred (see previous errors) (code 23) at main.c(1338) [sender=3.2.7]
rsync error: some files/attrs were not transferred (see previous errors) (code 23) at main.c(1338) [sender=3.2.7]
rsync error: some files/attrs were not transferred (see previous errors) (code 23) at main.c(1338) [sender=3.2.7]
rsync: [generator] recv_generator: failed to stat &quot;/home/site/wwwroot/runtimes\linux-armel\native\libe_sqlite3.so&quot;: Invalid argument (22)
rsync: [generator] recv_generator: failed to stat &quot;/home/site/wwwroot/runtimes\linux-riscv64\native\libe_sqlite3.so&quot;: Invalid argument (22)
rsync: [generator] recv_generator: failed to stat &quot;/home/site/wwwroot/runtimes\linux-x64\native\libe_sqlite3.so&quot;: Invalid argument (22)
rsync: [generator] recv_generator: failed to stat &quot;/home/site/wwwroot/runtimes\win-arm\native\e_sqlite3.dll&quot;: Invalid argument (22)
rsync: [generator] recv_generator: failed to stat &quot;/home/site/wwwroot/runtimes\linux-arm\native\libe_sqlite3.so&quot;: Invalid argument (22)
rsync: [generator] recv_generator: failed to stat &quot;/home/site/wwwroot/runtimes\linux-mips64\native\libe_sqlite3.so&quot;: Invalid argument (22)
rsync: [generator] recv_generator: failed to stat &quot;/home/site/wwwroot/runtimes\linux-musl-arm\native\libe_sqlite3.so&quot;: Invalid argument (22)
rsync error: some files/attrs were not transferred (see previous errors) (code 23) at main.c(1338) [sender=3.2.7]
rsync error: some files/attrs were not transferred (see previous errors) (code 23) at main.c(1338) [sender=3.2.7]
rsync error: some files/attrs were not transferred (see previous errors) (code 23) at main.c(1338) [sender=3.2.7]
rsync: [generator] recv_generator: failed to stat &quot;/home/site/wwwroot/runtimes\maccatalyst-arm64\native\libe_sqlite3.dylib&quot;: Invalid argument (22)
rsync: [generator] recv_generator: failed to stat &quot;/home/site/wwwroot/runtimes\osx-x64\native\libe_sqlite3.dylib&quot;: Invalid argument (22)
rsync: [generator] recv_generator: failed to stat &quot;/home/site/wwwroot/runtimes\win-x86\native\e_sqlite3.dll&quot;: Invalid argument (22)
rsync error: some files/attrs were not transferred (see previous errors) (code 23) at main.c(1338) [sender=3.2.7]
rsync error: some files/attrs were not transferred (see previous errors) (code 23) at main.c(1338) [sender=3.2.7]
rsync: [generator] recv_generator: failed to stat &quot;/home/site/wwwroot/runtimes\linux-musl-arm64\native\libe_sqlite3.so&quot;: Invalid argument (22)
rsync: [generator] recv_generator: failed to stat &quot;/home/site/wwwroot/runtimes\win-x64\native\e_sqlite3.dll&quot;: Invalid argument (22)
rsync error: some files/attrs were not transferred (see previous errors) (code 23) at main.c(1338) [sender=3.2.7]
rsync error: some files/attrs were not transferred (see previous errors) (code 23) at main.c(1338) [sender=3.2.7]
rsync: [generator] recv_generator: failed to stat &quot;/home/site/wwwroot/runtimes\linux-musl-s390x\native\libe_sqlite3.so&quot;: Invalid argument (22)
rsync: [generator] recv_generator: failed to stat &quot;/home/site/wwwroot/runtimes\linux-x86\native\libe_sqlite3.so&quot;: Invalid argument (22)
rsync: [generator] recv_generator: failed to stat &quot;/home/site/wwwroot/runtimes\osx-arm64\native\libe_sqlite3.dylib&quot;: Invalid argument (22)
rsync: [generator] recv_generator: failed to stat &quot;/home/site/wwwroot/runtimes\win\lib\netstandard2.0\System.Security.Cryptography.ProtectedData.dll&quot;: Invalid argument (22)
rsync error: some files/attrs were not transferred (see previous errors) (code 23) at main.c(1338) [sender=3.2.7]
rsync: [generator] recv_generator: failed to stat &quot;/home/site/wwwroot/runtimes\linux-arm64\native\libe_sqlite3.so&quot;: Invalid argument (22)
rsync: [generator] recv_generator: failed to stat &quot;/home/site/wwwroot/runtimes\linux-musl-riscv64\native\libe_sqlite3.so&quot;: Invalid argument (22)
rsync: [generator] recv_generator: failed to stat &quot;/home/site/wwwroot/runtimes\linux-ppc64le\native\libe_sqlite3.so&quot;: Invalid argument (22)
rsync: [generator] recv_generator: failed to stat &quot;/home/site/wwwroot/runtimes\win-arm64\native\e_sqlite3.dll&quot;: Invalid argument (22)
rsync error: some files/attrs were not transferred (see previous errors) (code 23) at main.c(1338) [sender=3.2.7]
rsync error: some files/attrs were not transferred (see previous errors) (code 23) at main.c(1338) [sender=3.2.7]
rsync error: some files/attrs were not transferred (see previous errors) (code 23) at main.c(1338) [sender=3.2.7]
rsync: [generator] recv_generator: failed to stat &quot;/home/site/wwwroot/runtimes\linux-musl-x64\native\libe_sqlite3.so&quot;: Invalid argument (22)
rsync error: some files/attrs were not transferred (see previous errors) (code 23) at main.c(1338) [sender=3.2.7]
/opt/Kudu/Scripts/starter.sh /opt/Kudu/Scripts/parallel_rsync.sh /tmp/zipdeploy/extracted /home/site/wwwroot 8 /tmp/ False False  " stackTrace="   at Kudu.Core.Infrastructure.Executable.ExecuteInternal(ITracer tracer, Func`2 onWriteOutput, Func`2 onWriteError, CancellationToken token, Encoding encoding, String arguments, Object[] args) in /tmp/KuduLite/Kudu.Core/Infrastructure/Executable.cs:line 239
   at Kudu.Core.Infrastructure.Executable.ExecuteWithProgressWriter(ILogger logger, ITracer tracer, CancellationToken token, String arguments, Object[] args) in /tmp/KuduLite/Kudu.Core/Infrastructure/Executable.cs:line 118
   at Kudu.Core.Deployment.Generator.ExternalCommandBuilder.RunCommand(DeploymentContext context, String command, Boolean ignoreManifest, CancellationToken token, String message) in /tmp/KuduLite/Kudu.Core/Deployment/Generator/ExternalCommandBuilder.cs:line 135" /><!-- duration: 5ms -->
                <step title="Error occurred" date="2026-02-20T12:34:28.759" type="error" text="Invalid argument : &apos;/home/site/wwwroot/runtimes\linux-musl-s390x\&apos;" stackTrace="   at System.IO.FileSystem.CreateDirectory(String fullPath, UnixFileMode unixCreateMode)
   at System.IO.Directory.CreateDirectory(String path)
   at System.IO.Abstractions.DirectoryWrapper.CreateDirectory(String path)
   at Kudu.Core.Infrastructure.FileSystemHelpers.CreateDirectory(String path) in /tmp/KuduLite/Kudu.Core/Infrastructure/FileSystemHelpers.cs:line 42
   at Kudu.Core.Infrastructure.FileSystemHelpers.CopyDirectoryRecursive(String sourceDirPath, String destinationDirPath, Boolean overwrite) in /tmp/KuduLite/Kudu.Core/Infrastructure/FileSystemHelpers.cs:line 219
   at Kudu.Core.Infrastructure.FileSystemHelpers.CopyDirectoryRecursive(String sourceDirPath, String destinationDirPath, Boolean overwrite) in /tmp/KuduLite/Kudu.Core/Infrastructure/FileSystemHelpers.cs:line 248
   at Kudu.Core.Deployment.Generator.OneDeployBuilder.Build(DeploymentContext context, CancellationToken token) in /tmp/KuduLite/Kudu.Core/Deployment/Generator/OneDeployBuilder.cs:line 108
   at Kudu.Core.Deployment.DeploymentManager.Build(ChangeSet changeSet, ITracer tracer, IDisposable deployStep, IRepository repository, DeploymentInfoBase deploymentInfo, DeploymentAnalytics deploymentAnalytics, Boolean fullBuildByDefault, CancellationToken cancellationToken) in /tmp/KuduLite/Kudu.Core/Deployment/DeploymentManager.cs:line 771" /><!-- duration: 3ms -->
              </step><!-- duration: 7283ms -->
            </step><!-- duration: 7405ms -->
            <step title="Error occurred" date="2026-02-20T12:34:28.960" type="error" text="Invalid argument : &apos;/home/site/wwwroot/runtimes\linux-musl-s390x\&apos;" stackTrace="   at System.IO.FileSystem.CreateDirectory(String fullPath, UnixFileMode unixCreateMode)
   at System.IO.Directory.CreateDirectory(String path)
   at System.IO.Abstractions.DirectoryWrapper.CreateDirectory(String path)
   at Kudu.Core.Infrastructure.FileSystemHelpers.CreateDirectory(String path) in /tmp/KuduLite/Kudu.Core/Infrastructure/FileSystemHelpers.cs:line 42
   at Kudu.Core.Infrastructure.FileSystemHelpers.CopyDirectoryRecursive(String sourceDirPath, String destinationDirPath, Boolean overwrite) in /tmp/KuduLite/Kudu.Core/Infrastructure/FileSystemHelpers.cs:line 219
   at Kudu.Core.Infrastructure.FileSystemHelpers.CopyDirectoryRecursive(String sourceDirPath, String destinationDirPath, Boolean overwrite) in /tmp/KuduLite/Kudu.Core/Infrastructure/FileSystemHelpers.cs:line 248
   at Kudu.Core.Deployment.Generator.OneDeployBuilder.Build(DeploymentContext context, CancellationToken token) in /tmp/KuduLite/Kudu.Core/Deployment/Generator/OneDeployBuilder.cs:line 108
   at Kudu.Core.Deployment.DeploymentManager.Build(ChangeSet changeSet, ITracer tracer, IDisposable deployStep, IRepository repository, DeploymentInfoBase deploymentInfo, DeploymentAnalytics deploymentAnalytics, Boolean fullBuildByDefault, CancellationToken cancellationToken) in /tmp/KuduLite/Kudu.Core/Deployment/DeploymentManager.cs:line 771
   at Kudu.Core.Deployment.DeploymentManager.Build(ChangeSet changeSet, ITracer tracer, IDisposable deployStep, IRepository repository, DeploymentInfoBase deploymentInfo, DeploymentAnalytics deploymentAnalytics, Boolean fullBuildByDefault, CancellationToken cancellationToken) in /tmp/KuduLite/Kudu.Core/Deployment/DeploymentManager.cs:line 840" /><!-- duration: 4ms -->
            <step title="Cleaning up temp files" date="2026-02-20T12:34:29.011" /><!-- duration: 3ms -->
            <step title="Cleaning up temp files" date="2026-02-20T12:34:29.017" /><!-- duration: 514ms -->
            <step title="Error occurred" date="2026-02-20T12:34:29.578" type="error" text="Invalid argument : &apos;/home/site/wwwroot/runtimes\linux-musl-s390x\&apos;" stackTrace="   at System.IO.FileSystem.CreateDirectory(String fullPath, UnixFileMode unixCreateMode)
   at System.IO.Directory.CreateDirectory(String path)
   at System.IO.Abstractions.DirectoryWrapper.CreateDirectory(String path)
   at Kudu.Core.Infrastructure.FileSystemHelpers.CreateDirectory(String path) in /tmp/KuduLite/Kudu.Core/Infrastructure/FileSystemHelpers.cs:line 42
   at Kudu.Core.Infrastructure.FileSystemHelpers.CopyDirectoryRecursive(String sourceDirPath, String destinationDirPath, Boolean overwrite) in /tmp/KuduLite/Kudu.Core/Infrastructure/FileSystemHelpers.cs:line 219
   at Kudu.Core.Infrastructure.FileSystemHelpers.CopyDirectoryRecursive(String sourceDirPath, String destinationDirPath, Boolean overwrite) in /tmp/KuduLite/Kudu.Core/Infrastructure/FileSystemHelpers.cs:line 248
   at Kudu.Core.Deployment.Generator.OneDeployBuilder.Build(DeploymentContext context, CancellationToken token) in /tmp/KuduLite/Kudu.Core/Deployment/Generator/OneDeployBuilder.cs:line 108
   at Kudu.Core.Deployment.DeploymentManager.Build(ChangeSet changeSet, ITracer tracer, IDisposable deployStep, IRepository repository, DeploymentInfoBase deploymentInfo, DeploymentAnalytics deploymentAnalytics, Boolean fullBuildByDefault, CancellationToken cancellationToken) in /tmp/KuduLite/Kudu.Core/Deployment/DeploymentManager.cs:line 771
   at Kudu.Core.Deployment.DeploymentManager.Build(ChangeSet changeSet, ITracer tracer, IDisposable deployStep, IRepository repository, DeploymentInfoBase deploymentInfo, DeploymentAnalytics deploymentAnalytics, Boolean fullBuildByDefault, CancellationToken cancellationToken) in /tmp/KuduLite/Kudu.Core/Deployment/DeploymentManager.cs:line 840
   at Kudu.Core.Deployment.DeploymentManager.DeployAsync(IRepository repository, ChangeSet changeSet, String deployer, Boolean clean, DeploymentInfoBase deploymentInfo, Boolean needFileUpdate, Boolean fullBuildByDefault) in /tmp/KuduLite/Kudu.Core/Deployment/DeploymentManager.cs:line 266" /><!-- duration: 7ms -->
          </step><!-- duration: 8240ms -->
          <step title="Reloading status file with latest updates" date="2026-02-20T12:34:29.629" >
            <step title="WebHooksManager.PublishEventAsync: PostDeployment" date="2026-02-20T12:34:29.633" /><!-- duration: 101ms -->
          </step><!-- duration: 108ms -->
          <step title="Error occurred" date="2026-02-20T12:34:29.741" type="error" text="Invalid argument : &apos;/home/site/wwwroot/runtimes\linux-musl-s390x\&apos;" stackTrace="   at System.IO.FileSystem.CreateDirectory(String fullPath, UnixFileMode unixCreateMode)
   at System.IO.Directory.CreateDirectory(String path)
   at System.IO.Abstractions.DirectoryWrapper.CreateDirectory(String path)
   at Kudu.Core.Infrastructure.FileSystemHelpers.CreateDirectory(String path) in /tmp/KuduLite/Kudu.Core/Infrastructure/FileSystemHelpers.cs:line 42
   at Kudu.Core.Infrastructure.FileSystemHelpers.CopyDirectoryRecursive(String sourceDirPath, String destinationDirPath, Boolean overwrite) in /tmp/KuduLite/Kudu.Core/Infrastructure/FileSystemHelpers.cs:line 219
   at Kudu.Core.Infrastructure.FileSystemHelpers.CopyDirectoryRecursive(String sourceDirPath, String destinationDirPath, Boolean overwrite) in /tmp/KuduLite/Kudu.Core/Infrastructure/FileSystemHelpers.cs:line 248
   at Kudu.Core.Deployment.Generator.OneDeployBuilder.Build(DeploymentContext context, CancellationToken token) in /tmp/KuduLite/Kudu.Core/Deployment/Generator/OneDeployBuilder.cs:line 108
   at Kudu.Core.Deployment.DeploymentManager.Build(ChangeSet changeSet, ITracer tracer, IDisposable deployStep, IRepository repository, DeploymentInfoBase deploymentInfo, DeploymentAnalytics deploymentAnalytics, Boolean fullBuildByDefault, CancellationToken cancellationToken) in /tmp/KuduLite/Kudu.Core/Deployment/DeploymentManager.cs:line 771
   at Kudu.Core.Deployment.DeploymentManager.Build(ChangeSet changeSet, ITracer tracer, IDisposable deployStep, IRepository repository, DeploymentInfoBase deploymentInfo, DeploymentAnalytics deploymentAnalytics, Boolean fullBuildByDefault, CancellationToken cancellationToken) in /tmp/KuduLite/Kudu.Core/Deployment/DeploymentManager.cs:line 840
   at Kudu.Core.Deployment.DeploymentManager.DeployAsync(IRepository repository, ChangeSet changeSet, String deployer, Boolean clean, DeploymentInfoBase deploymentInfo, Boolean needFileUpdate, Boolean fullBuildByDefault) in /tmp/KuduLite/Kudu.Core/Deployment/DeploymentManager.cs:line 266" /><!-- duration: 3ms -->
          <step title="Marking deployment as failed and cleaning up the temp deployment" date="2026-02-20T12:34:29.788" /><!-- duration: 3ms -->
        </step><!-- duration: 10144ms -->
      </step><!-- duration: 10171ms -->
      <step title="Error occurred" date="2026-02-20T12:34:30.050" type="error" text="Deployment failed" stackTrace="   at Kudu.Core.Deployment.DeploymentManager.DeployAsync(IRepository repository, ChangeSet changeSet, String deployer, Boolean clean, DeploymentInfoBase deploymentInfo, Boolean needFileUpdate, Boolean fullBuildByDefault) in /tmp/KuduLite/Kudu.Core/Deployment/DeploymentManager.cs:line 307
   at Kudu.Core.Deployment.FetchDeploymentManager.PerformDeployment(DeploymentInfoBase deploymentInfo, IDisposable tempDeployment, ChangeSet tempChangeSet, DeployStatusApiResult updateStatusObj) in /tmp/KuduLite/Kudu.Core/Deployment/FetchDeploymentManager.cs:line 230
   at Kudu.Core.Deployment.FetchDeploymentManager.&lt;&gt;c__DisplayClass17_0.&lt;&lt;FetchDeploy&gt;b__0&gt;d.MoveNext() in /tmp/KuduLite/Kudu.Core/Deployment/FetchDeploymentManager.cs:line 131
--- End of stack trace from previous location ---
   at Kudu.Core.Deployment.FetchDeploymentManager.FetchDeploy(DeploymentInfoBase deployInfo, Boolean asyncRequested, Uri requestUri, String targetBranch) in /tmp/KuduLite/Kudu.Core/Deployment/FetchDeploymentManager.cs:line 124
   at Kudu.Services.Deployment.PushDeploymentController.PushDeployAsync(ArtifactDeploymentInfo deploymentInfo, Boolean isAsync, HttpContext context, JObject requestJson) in /tmp/KuduLite/Kudu.Services/Deployment/PushDeploymentController.cs:line 802
   at Kudu.Services.Deployment.PushDeploymentController.OneDeploy(String type, Boolean async, String path, Nullable`1 restart, Nullable`1 clean, Boolean ignoreStack, Boolean trackDeploymentProgress, Boolean trackStatus, Boolean reset) in /tmp/KuduLite/Kudu.Services/Deployment/PushDeploymentController.cs:line 624
   at Microsoft.AspNetCore.Mvc.Infrastructure.ActionMethodExecutor.TaskOfIActionResultExecutor.Execute(ActionContext actionContext, IActionResultTypeMapper mapper, ObjectMethodExecutor executor, Object controller, Object[] arguments)
   at Microsoft.AspNetCore.Mvc.Infrastructure.ControllerActionInvoker.&lt;InvokeActionMethodAsync&gt;g__Awaited|12_0(ControllerActionInvoker invoker, ValueTask`1 actionResultValueTask)
   at Microsoft.AspNetCore.Mvc.Infrastructure.ControllerActionInvoker.&lt;InvokeNextActionFilterAsync&gt;g__Awaited|10_0(ControllerActionInvoker invoker, Task lastTask, State next, Scope scope, Object state, Boolean isCompleted)
   at Microsoft.AspNetCore.Mvc.Infrastructure.ControllerActionInvoker.Rethrow(ActionExecutedContextSealed context)
   at Microsoft.AspNetCore.Mvc.Infrastructure.ControllerActionInvoker.Next(State&amp; next, Scope&amp; scope, Object&amp; state, Boolean&amp; isCompleted)
   at Microsoft.AspNetCore.Mvc.Infrastructure.ControllerActionInvoker.&lt;InvokeInnerFilterAsync&gt;g__Awaited|13_0(ControllerActionInvoker invoker, Task lastTask, State next, Scope scope, Object state, Boolean isCompleted)
   at Microsoft.AspNetCore.Mvc.Infrastructure.ResourceInvoker.&lt;InvokeNextResourceFilter&gt;g__Awaited|25_0(ResourceInvoker invoker, Task lastTask, State next, Scope scope, Object state, Boolean isCompleted)
   at Microsoft.AspNetCore.Mvc.Infrastructure.ResourceInvoker.Rethrow(ResourceExecutedContextSealed context)
   at Microsoft.AspNetCore.Mvc.Infrastructure.ResourceInvoker.Next(State&amp; next, Scope&amp; scope, Object&amp; state, Boolean&amp; isCompleted)
   at Microsoft.AspNetCore.Mvc.Infrastructure.ResourceInvoker.&lt;InvokeFilterPipelineAsync&gt;g__Awaited|20_0(ResourceInvoker invoker, Task lastTask, State next, Scope scope, Object state, Boolean isCompleted)
   at Microsoft.AspNetCore.Mvc.Infrastructure.ResourceInvoker.&lt;InvokeAsync&gt;g__Awaited|17_0(ResourceInvoker invoker, Task task, IDisposable scope)
   at Microsoft.AspNetCore.Mvc.Infrastructure.ResourceInvoker.&lt;InvokeAsync&gt;g__Awaited|17_0(ResourceInvoker invoker, Task task, IDisposable scope)
   at Microsoft.AspNetCore.Builder.RouterMiddleware.Invoke(HttpContext httpContext)
   at Kudu.Services.Web.Startup.&lt;&gt;c.&lt;&lt;Configure&gt;b__11_7&gt;d.MoveNext() in /tmp/KuduLite/Kudu.Services.Web/Startup.cs:line 428
--- End of stack trace from previous location ---
   at Kudu.Services.Web.Tracing.TraceMiddleware.Invoke(HttpContext context) in /tmp/KuduLite/Kudu.Services.Web/Tracing/TraceMiddleware.cs:line 101" innerText="Invalid argument : &apos;/home/site/wwwroot/runtimes\linux-musl-s390x\&apos;" innerStackTrace="   at System.IO.FileSystem.CreateDirectory(String fullPath, UnixFileMode unixCreateMode)
   at System.IO.Directory.CreateDirectory(String path)
   at System.IO.Abstractions.DirectoryWrapper.CreateDirectory(String path)
   at Kudu.Core.Infrastructure.FileSystemHelpers.CreateDirectory(String path) in /tmp/KuduLite/Kudu.Core/Infrastructure/FileSystemHelpers.cs:line 42
   at Kudu.Core.Infrastructure.FileSystemHelpers.CopyDirectoryRecursive(String sourceDirPath, String destinationDirPath, Boolean overwrite) in /tmp/KuduLite/Kudu.Core/Infrastructure/FileSystemHelpers.cs:line 219
   at Kudu.Core.Infrastructure.FileSystemHelpers.CopyDirectoryRecursive(String sourceDirPath, String destinationDirPath, Boolean overwrite) in /tmp/KuduLite/Kudu.Core/Infrastructure/FileSystemHelpers.cs:line 248
   at Kudu.Core.Deployment.Generator.OneDeployBuilder.Build(DeploymentContext context, CancellationToken token) in /tmp/KuduLite/Kudu.Core/Deployment/Generator/OneDeployBuilder.cs:line 108
   at Kudu.Core.Deployment.DeploymentManager.Build(ChangeSet changeSet, ITracer tracer, IDisposable deployStep, IRepository repository, DeploymentInfoBase deploymentInfo, DeploymentAnalytics deploymentAnalytics, Boolean fullBuildByDefault, CancellationToken cancellationToken) in /tmp/KuduLite/Kudu.Core/Deployment/DeploymentManager.cs:line 771
   at Kudu.Core.Deployment.DeploymentManager.Build(ChangeSet changeSet, ITracer tracer, IDisposable deployStep, IRepository repository, DeploymentInfoBase deploymentInfo, DeploymentAnalytics deploymentAnalytics, Boolean fullBuildByDefault, CancellationToken cancellationToken) in /tmp/KuduLite/Kudu.Core/Deployment/DeploymentManager.cs:line 840
   at Kudu.Core.Deployment.DeploymentManager.DeployAsync(IRepository repository, ChangeSet changeSet, String deployer, Boolean clean, DeploymentInfoBase deploymentInfo, Boolean needFileUpdate, Boolean fullBuildByDefault) in /tmp/KuduLite/Kudu.Core/Deployment/DeploymentManager.cs:line 266" /><!-- duration: 5ms -->
      <step title="Incoming Request" date="2026-02-20T12:34:30.094" url="/Error?type=zip" method="POST" type="request" pid="853,1,16" Accept="*/*" Host="aidev-api.scm.azurewebsites.net" User-Agent="AZURECLI/2.83.0 (MSI)" Accept-Encoding="gzip, deflate" Authorization="Bea..." Cache-Control="no-cache" Content-Type="application/octet-stream" Content-Length="20684225" x-ms-client-request-id="598bef95-0e58-11f1-a926-9c2f9d919ff8" x-ms-artifact-checksum="e1c6dcf6043b28fb9d18d337f3cf3a3d2c4dd76b51982e32fd020af0bc372fd6" X-ARR-LOG-ID="598bef95-0e58-11f1-a926-9c2f9d919ff8" CLIENT-IP="102.130.236.125:58378" X-SITE-DEPLOYMENT-ID="aidev-api" WAS-DEFAULT-HOSTNAME="aidev-api.scm.azurewebsites.net" X-Forwarded-Proto="https" X-AppService-Proto="https" X-Forwarded-TlsVersion="1.3" X-WAWS-Unencoded-URL="/api/publish?type=zip" X-Client-IP="102.130.236.125" X-Client-Port="58378" >
        <step title="Outgoing response" date="2026-02-20T12:34:30.153" type="response" statusCode="400" statusText="BadRequest" /><!-- duration: 3ms -->
      </step><!-- duration: 68ms -->
