<step title="Incoming Request" date="2026-02-20T12:37:30.033" instance="33c719" url="/api/publish?type=zip&amp;async=True" method="POST" type="request" pid="853,1,21" Accept="*/*" Host="aidev-api.scm.azurewebsites.net" User-Agent="AZURECLI/2.83.0 (MSI)" Accept-Encoding="gzip, deflate" Authorization="Bea..." Cache-Control="no-cache" Content-Type="application/octet-stream" Cookie="ARRAffinity=33c7196c0e8280c7017ecf476bc07a61ab9e34415682f3e8f059a9d17378615d; ARRAffinitySameSite=33c7196c0e8280c7017ecf476bc07a61ab9e34415682f3e8f059a9d17378615d" Content-Length="20684225" x-ms-client-request-id="e4c4d671-0e58-11f1-96b5-9c2f9d919ff8" x-ms-artifact-checksum="e1de6248e303fa3536b3d55b9e91b03e550fd4b00cde35df16dd360cf52b8419" X-ARR-LOG-ID="e4c4d671-0e58-11f1-96b5-9c2f9d919ff8" CLIENT-IP="102.130.236.125:61749" X-SITE-DEPLOYMENT-ID="aidev-api" WAS-DEFAULT-HOSTNAME="aidev-api.scm.azurewebsites.net" X-Forwarded-Proto="https" X-AppService-Proto="https" X-Forwarded-TlsVersion="1.3" X-WAWS-Unencoded-URL="/api/publish?type=zip&amp;async=True" X-Client-IP="102.130.236.125" X-Client-Port="61749" >
  <step title="OneDeploy" date="2026-02-20T12:37:30.071" >
    <step title="Starting PushDeployAsync" date="2026-02-20T12:37:30.113" /><!-- duration: 10ms -->
    <step title="Writing artifact to /tmp/zipdeploy/14b28b2b-af28-42c7-bf40-1a01910eb59b.zip" date="2026-02-20T12:37:30.172" >
      <step title="Writing multipart request body to /tmp/zipdeploy/14b28b2b-af28-42c7-bf40-1a01910eb59b.zip" date="2026-02-20T12:37:30.183" /><!-- duration: 11ms -->
    </step><!-- duration: 6635ms -->
    <step title="Start deployment in the background" date="2026-02-20T12:37:36.820" >
      <step title="Acquiring Deployment Lock" date="2026-02-20T12:37:36.869" /><!-- duration: 3ms -->
      <step title="Acquired Deployment Lock" date="2026-02-20T12:37:36.911" /><!-- duration: 3ms -->
    </step><!-- duration: 158ms -->
  </step><!-- duration: 6914ms -->
  <step title="Outgoing response" date="2026-02-20T12:37:36.995" type="response" statusCode="202" statusText="Accepted" /><!-- duration: 3ms -->
</step><!-- duration: 6968ms -->
